{
  "project_info": {
    "project_number": "496994281757",
    "firebase_url": "https://tiger5regulars.firebaseio.com",
    "project_id": "tiger5regulars",
    "storage_bucket": "tiger5regulars.appspot.com"
  },
  "client": [
    {
      "client_info": {
        "mobilesdk_app_id": "1:496994281757:android:11539344e456e8a6a7d9f4",
        "android_client_info": {
          "package_name": "com.example.raghu"
        }
      },
      "oauth_client": [
        {
          "client_id": "496994281757-i4t790v6p63f9fbrp3u3pgnmqmk3jii9.apps.googleusercontent.com",
          "client_type": 1,
          "android_info": {
            "package_name": "com.example.raghu",
            "certificate_hash": "c8098621050787ca076ce6f05f3106d66d7aa70c"
          }
        },
        {
          "client_id": "496994281757-a39q4pnllrqc6svsl58sedaigcqgni2o.apps.googleusercontent.com",
          "client_type": 3
        }
      ],
      "api_key": [
        {
          "current_key": "AIzaSyDXO9JvPPSR6HugRhFRsi7qssmpCXeYEY0"
        }
      ],
      "services": {
        "appinvite_service": {
          "other_platform_oauth_client": [
            {
              "client_id": "496994281757-a39q4pnllrqc6svsl58sedaigcqgni2o.apps.googleusercontent.com",
              "client_type": 3
            }
          ]
        }
      }
    }
  ],
  "configuration_version": "1"
}